Workbook

Sheet CEO Summary
A1: Dash Growth · CEO summary
A2: Sales, marketing and pipeline · 25 September 2026
A4: Measure | B4: Value | C4: Note
A5: Hot-list companies | B5: =COUNTA('Hot list'!A5:A14) | C5: Florida launch market
A6: Tier A | B6: =COUNTIF('Hot list'!D5:D14,"A") | C6: Call first
A7: Tier B | B7: =COUNTIF('Hot list'!D5:D14,"B")
A8: Touches this week | B8: 0 | C8: Target 50
A9: Paying clients | B9: 1 | C9: Everlast Welders
A10: Revenue won | B10: 3000 | C10: Two engagements
A11: Pipeline | B11: 0 | C11: No open proposal

Sheet Hot list
A1: Hot list
A2: Named companies to call first
A4: Company | B4: City | C4: Vertical | D4: Tier | E4: Status
A5: Invicta Watch Group | B5: Hollywood | C5: Consumer import/dist | D5: A | E5: Not started
A6: Badia Spices | B6: Doral | C6: Food import/mfg | D6: A | E6: Not started
A7: Eagle Brands Sales | B7: Miami | C7: Beverage distribution | D7: A | E7: Not started
A8: Bealls Inc. | B8: Bradenton | C8: Retail/dist | D8: A | E8: Not started
A9: Tervis | B9: North Venice | C9: Consumer mfg | D9: A | E9: Not started
A10: Everglades Boats | B10: Edgewater | C10: Marine mfg | D10: A | E10: Not started
A11: Boston Whaler | B11: Edgewater | C11: Marine mfg | D11: B | E11: Not started
A12: Quirch Foods | B12: Coral Gables | C12: Food distribution | D12: B | E12: Not started
A13: Perry Ellis International | B13: Miami | C13: Apparel | D13: B | E13: Not started
A14: Helios Technologies | B14: Sarasota | C14: Industrial mfg | D14: B | E14: Not started

Sheet By city
A1: Hot list by city
A4: City | B4: Companies
A5: Hollywood | B5: =COUNTIF('Hot list'!B$5:B$14,A5)
A6: Doral | B6: =COUNTIF('Hot list'!B$5:B$14,A6)
A7: Miami | B7: =COUNTIF('Hot list'!B$5:B$14,A7)
A8: Bradenton | B8: =COUNTIF('Hot list'!B$5:B$14,A8)
A9: North Venice | B9: =COUNTIF('Hot list'!B$5:B$14,A9)
A10: Edgewater | B10: =COUNTIF('Hot list'!B$5:B$14,A10)
A11: Coral Gables | B11: =COUNTIF('Hot list'!B$5:B$14,A11)
A12: Sarasota | B12: =COUNTIF('Hot list'!B$5:B$14,A12)

Sheet By vertical
A1: Hot list by vertical
A4: Vertical | B4: Companies
A5: Consumer import/dist | B5: =COUNTIF('Hot list'!C$5:C$14,A5)
A6: Food import/mfg | B6: =COUNTIF('Hot list'!C$5:C$14,A6)
A7: Beverage distribution | B7: =COUNTIF('Hot list'!C$5:C$14,A7)
A8: Retail/dist | B8: =COUNTIF('Hot list'!C$5:C$14,A8)
A9: Consumer mfg | B9: =COUNTIF('Hot list'!C$5:C$14,A9)
A10: Marine mfg | B10: =COUNTIF('Hot list'!C$5:C$14,A10)
A11: Food distribution | B11: =COUNTIF('Hot list'!C$5:C$14,A11)
A12: Apparel | B12: =COUNTIF('Hot list'!C$5:C$14,A12)
A13: Industrial mfg | B13: =COUNTIF('Hot list'!C$5:C$14,A13)

Sheet Cadence
A1: Weekly activity cadence
A2: Touches needed to hit the revenue goal
A4: Activity | B4: Now | C4: Target | D4: Progress
A5: Outreach touches | B5: 0 | C5: 50 | D5: =B5/C5
A6: Activities logged | B6: 0 | C6: 16 | D6: =B6/C6
A7: New logos | B7: 0 | C7: 4 | D7: =B7/C7
A8: Free evaluations | B8: 0 | C8: 4 | D8: =B8/C8

Sheet Founders' read
A1: The Founders' read
A2: Lens scores live from the books · 25 September 2026
A4: Lens | B4: Score | C4: Status | D4: What it means for this app
A5: Distribution | B5: 0.33 | C5: Watch | D5: Improving — act this month
A6: Sell and protect | B6: 0.2 | C6: At risk | D6: Binding — act this week
A7: Sales cures all | B7: 0.06 | C7: At risk | D7: Binding — act this week
A8: Front line first | B8: 0.4 | C8: Watch | D8: Improving — act this month
A9: Day 1 customer | B9: 0.3 | C9: Watch | D9: Improving — act this month

Sheet CEO actions
A1: CEO actions
A2: Owner, due date and the lens behind each action
A4: # | B4: Action | C4: Owner | D4: Due | E4: Lens
A5: 1 | B5: Call the six Tier A companies | C5: Owner | D5: 9 Oct 2026 | E5: Sales cures all
A6: 2 | B6: Log every touch toward 50 a week | C6: Owner | D6: Weekly | E6: Sales cures all
A7: 3 | B7: Ask Everlast for a referral | C7: Owner | D7: 2 Oct 2026 | E7: Distribution
A8: 4 | B8: Write a working-backwards brief for the retainer | C8: Owner | D8: 2 Oct 2026 | E8: Day 1 customer
